id,first_name,last_name,email,gender,ip_address
1,Odo,Trowler,otrowler0@baidu.com,Male,12.96.116.3
2,Barbette,Chill,bchill1@columbia.edu,Agender,173.195.187.53
3,Johannes,Bartoszinski,jbartoszinski2@irs.gov,Male,62.124.250.249
4,Willie,Batrip,wbatrip3@networkadvertising.org,Agender,134.126.104.38
5,Carmella,Kuzma,ckuzma4@seesaa.net,Female,130.0.157.79
6,Dotti,Pine,dpine5@cornell.edu,Genderfluid,255.63.57.93
7,Tonye,Derdes,tderdes6@noaa.gov,Female,24.252.206.188
8,Omar,Snap,osnap7@symantec.com,Male,111.132.237.98
9,Saxon,Gurnell,sgurnell8@edublogs.org,Male,244.83.30.193
10,Chrysa,Plott,cplott9@hibu.com,Female,117.255.116.20
11,Kakalina,Boyat,kboyata@noaa.gov,Female,90.112.241.55
12,Noach,Facher,nfacherb@google.es,Genderfluid,43.23.109.90
13,Teodoor,Darrach,tdarrachc@51.la,Male,26.95.104.61
14,Magdalene,Kurth,mkurthd@examiner.com,Female,154.13.189.57
15,Boot,Ilyenko,bilyenkoe@naver.com,Agender,13.132.182.39
16,Bertie,Crowson,bcrowsonf@oakley.com,Female,98.177.108.0
17,Gena,Terram,gterramg@oracle.com,Female,223.177.118.202
18,Emili,Rowney,erowneyh@woothemes.com,Female,24.58.185.31
19,Warren,Ivey,wiveyi@joomla.org,Male,122.17.6.3
20,Jelene,Rowsel,jrowselj@hatena.ne.jp,Female,101.74.32.153
21,Zorah,Kob,zkobk@blog.com,Female,152.111.231.158
22,Mahala,Dunleavy,mdunleavyl@foxnews.com,Female,42.202.37.178
23,Darrick,Feavyour,dfeavyourm@slate.com,Male,86.46.184.60
24,Parry,Roch,prochn@dailymotion.com,Male,112.156.150.19
25,Ezra,Nisuis,enisuiso@blinklist.com,Male,71.233.10.47
26,Agosto,Pestricke,apestrickep@cornell.edu,Male,14.116.147.150
27,Ernestus,Barribal,ebarribalq@gov.uk,Male,174.7.180.240
28,Clayborn,McKeevers,cmckeeversr@51.la,Male,152.56.147.215
29,Alva,Dimnage,adimnages@privacy.gov.au,Male,193.59.204.160
30,Anestassia,Lissimore,alissimoret@admin.ch,Female,220.204.202.182
31,Dominic,Harmeston,dharmestonu@networksolutions.com,Male,106.161.13.215
32,Jacky,Randals,jrandalsv@cargocollective.com,Genderqueer,189.61.246.145
33,Elysha,Sweating,esweatingw@ameblo.jp,Female,88.12.77.223
34,Hilarius,Gee,hgeex@xrea.com,Male,163.51.133.118
35,Normand,Surgen,nsurgeny@pagesperso-orange.fr,Male,120.214.58.239
36,Lorrayne,Brockelsby,lbrockelsbyz@hao123.com,Female,216.94.14.53
37,Alene,Ramme,aramme10@flavors.me,Bigender,163.167.138.136
38,Elton,Coplestone,ecoplestone11@posterous.com,Male,66.170.44.55
39,Francisca,Stenyng,fstenyng12@pcworld.com,Female,248.221.47.52
40,Zebedee,Crolla,zcrolla13@comsenz.com,Male,197.146.171.101
41,Josefa,Medway,jmedway14@360.cn,Female,51.88.114.231
42,Gnni,Gonsalo,ggonsalo15@wikipedia.org,Female,81.109.109.146
43,Tobiah,Lepope,tlepope16@about.me,Polygender,158.109.252.204
44,Neil,Elliston,nelliston17@ocn.ne.jp,Male,205.124.39.227
45,Thorpe,Gerssam,tgerssam18@vimeo.com,Male,188.180.67.253
46,Aloisia,Pond-Jones,apondjones19@gizmodo.com,Female,34.54.127.227
47,Valentino,Robison,vrobison1a@skype.com,Male,254.158.172.104
48,Jasmina,Radage,jradage1b@wordpress.org,Female,164.217.167.156
49,Jere,Spennock,jspennock1c@gizmodo.com,Female,242.95.95.186
50,Stephanie,McEvay,smcevay1d@msn.com,Female,36.208.235.164
51,Livvyy,Astley,lastley1e@godaddy.com,Female,122.70.188.111
52,Tann,McNay,tmcnay1f@elpais.com,Bigender,241.252.163.171
53,Perceval,Fensome,pfensome1g@yale.edu,Agender,255.50.0.121
54,Olga,Lindemann,olindemann1h@ucsd.edu,Female,193.34.81.129
55,Melinde,Gerrets,mgerrets1i@businesswire.com,Female,215.187.138.116
56,Wilma,Pingston,wpingston1j@example.com,Female,173.63.65.226
57,Casey,Bowery,cbowery1k@exblog.jp,Male,58.97.77.6
58,Lanie,Reoch,lreoch1l@eventbrite.com,Genderfluid,225.127.143.252
59,Penrod,Waterstone,pwaterstone1m@twitter.com,Male,129.211.20.6
60,Vachel,Allcoat,vallcoat1n@xrea.com,Male,47.184.12.195
61,Merline,Mohammed,mmohammed1o@acquirethisname.com,Female,190.127.61.234
62,Flint,Lindman,flindman1p@cargocollective.com,Genderfluid,1.186.36.197
63,Sebastiano,Dowse,sdowse1q@cisco.com,Male,16.107.49.176
64,Harrison,Aggiss,haggiss1r@mapy.cz,Male,249.199.11.185
65,Read,Larmouth,rlarmouth1s@prweb.com,Male,239.19.224.7
66,Melesa,Bourtoumieux,mbourtoumieux1t@toplist.cz,Female,204.112.242.121
67,Leonore,Dencs,ldencs1u@bandcamp.com,Female,113.42.163.73
68,Bryana,Petford,bpetford1v@macromedia.com,Female,188.161.68.113
69,Whit,Bowdery,wbowdery1w@ibm.com,Male,249.128.8.44
70,Salomi,Dashper,sdashper1x@prnewswire.com,Female,255.65.172.58
71,Vitoria,Moulin,vmoulin1y@addtoany.com,Female,147.57.2.218
72,Webb,Givens,wgivens1z@constantcontact.com,Male,53.59.71.49
73,Mavra,Stucke,mstucke20@microsoft.com,Female,10.123.200.254
74,Yasmeen,Heller,yheller21@facebook.com,Female,46.35.151.47
75,Claudetta,Willwood,cwillwood22@merriam-webster.com,Female,145.28.103.179
76,Dedie,Genicke,dgenicke23@independent.co.uk,Female,120.82.221.182
77,Alejandro,Grahamslaw,agrahamslaw24@soup.io,Male,252.43.146.244
78,Winonah,Lorrain,wlorrain25@cornell.edu,Female,82.163.23.20
79,Susanna,Simkin,ssimkin26@seattletimes.com,Female,120.11.145.226
80,Hilda,Van Arsdall,hvanarsdall27@drupal.org,Female,30.69.151.109
81,Silvanus,Fillingham,sfillingham28@ebay.com,Male,88.220.6.96
82,Aridatha,Petworth,apetworth29@scientificamerican.com,Genderqueer,135.58.137.238
83,Reade,Laudham,rlaudham2a@loc.gov,Bigender,31.241.62.128
84,Charles,Faldoe,cfaldoe2b@msu.edu,Male,132.208.178.76
85,Jayne,Amaya,jamaya2c@craigslist.org,Female,114.52.122.109
86,Dore,Emloch,demloch2d@flavors.me,Female,230.34.141.23
87,Penni,Vasyutochkin,pvasyutochkin2e@lulu.com,Female,9.232.38.4
88,Christoforo,Tromans,ctromans2f@microsoft.com,Male,51.14.1.184
89,Blair,Cartlidge,bcartlidge2g@ehow.com,Male,178.133.255.189
90,Dorita,Itzhak,ditzhak2h@prnewswire.com,Female,122.29.100.219
91,Barron,Keays,bkeays2i@jalbum.net,Male,45.214.79.108
92,Nancey,Tupie,ntupie2j@cmu.edu,Female,238.131.91.85
93,Brigitte,Gerdts,bgerdts2k@mysql.com,Female,144.86.148.171
94,Glendon,Trittam,gtrittam2l@qq.com,Male,146.6.44.224
95,Parsifal,Tipens,ptipens2m@youku.com,Male,117.211.87.100
96,Gasper,Potbury,gpotbury2n@netscape.com,Male,46.63.210.139
97,Tabbatha,MacClenan,tmacclenan2o@xrea.com,Female,240.109.153.32
98,Mac,Giannazzo,mgiannazzo2p@multiply.com,Male,17.21.203.59
99,Brittney,Matveyev,bmatveyev2q@live.com,Female,174.112.106.146
100,Alfonso,Gettings,agettings2r@lycos.com,Male,48.209.193.134
101,Velma,Phethean,vphethean2s@addthis.com,Female,115.28.101.124
102,Gabriela,Phipp,gphipp2t@msu.edu,Female,62.216.31.77
103,Elnar,Python,epython2u@twitpic.com,Male,34.42.152.14
104,Barbra,Hunnam,bhunnam2v@telegraph.co.uk,Female,154.135.180.11
105,Dorthea,Iacobo,diacobo2w@toplist.cz,Bigender,234.216.55.158
106,Ronald,Kirsop,rkirsop2x@theatlantic.com,Male,180.115.82.242
107,Eydie,Maciaszczyk,emaciaszczyk2y@oaic.gov.au,Female,34.177.54.4
108,Enos,Boydle,eboydle2z@slideshare.net,Male,254.245.151.96
109,Bambi,Linforth,blinforth30@360.cn,Female,127.26.104.192
110,Lazarus,Ondracek,londracek31@blogs.com,Male,204.91.72.243
111,Marieann,Bullas,mbullas32@who.int,Female,223.116.154.213
112,Merrilee,Cypler,mcypler33@harvard.edu,Bigender,218.95.100.250
113,Normy,Antoniou,nantoniou34@mapy.cz,Bigender,201.1.53.155
114,Shea,Sarson,ssarson35@deliciousdays.com,Female,35.117.64.109
115,Evelyn,Halford,ehalford36@elpais.com,Male,43.232.213.123
116,Jermain,Roskelley,jroskelley37@desdev.cn,Agender,82.174.81.125
117,Georgianna,Jilliss,gjilliss38@bluehost.com,Female,111.154.157.5
118,Konstantin,Hasson,khasson39@parallels.com,Male,172.164.122.50
119,Timmi,Gepp,tgepp3a@vinaora.com,Female,107.123.233.245
120,Selinda,Belcham,sbelcham3b@ehow.com,Female,100.56.217.23
121,Elmira,Bracher,ebracher3c@europa.eu,Female,43.120.66.171
122,Sherill,Harwood,sharwood3d@phoca.cz,Polygender,14.54.90.211
123,Egon,Hayworth,ehayworth3e@sun.com,Male,140.114.218.72
124,Everard,Moreland,emoreland3f@e-recht24.de,Male,7.157.255.20
125,Charley,Terry,cterry3g@dell.com,Male,128.106.208.113
126,Esme,Seadon,eseadon3h@pen.io,Female,18.143.140.126
127,Laverne,Peploe,lpeploe3i@seattletimes.com,Female,31.199.44.108
128,Delmore,Cato,dcato3j@xinhuanet.com,Genderqueer,182.154.40.253
129,Talyah,Fowlds,tfowlds3k@mashable.com,Female,165.34.210.9
130,Trueman,Fawlo,tfawlo3l@state.gov,Male,201.187.205.223
131,Jilleen,Spendley,jspendley3m@cargocollective.com,Female,28.15.41.230
132,Dominique,Proudley,dproudley3n@nymag.com,Female,202.201.212.133
133,Hurley,Peracco,hperacco3o@foxnews.com,Non-binary,62.190.61.224
134,Upton,Haller,uhaller3p@biblegateway.com,Male,54.194.92.138
135,Anthe,Rutter,arutter3q@nymag.com,Female,252.119.130.136
136,Milo,Winckles,mwinckles3r@cnn.com,Agender,101.71.193.7
137,Leonhard,Etchells,letchells3s@cmu.edu,Male,255.9.206.230
138,Claribel,Halse,chalse3t@ask.com,Female,23.141.111.48
139,Jacquette,Sydes,jsydes3u@forbes.com,Female,43.20.232.151
140,Todd,Ellsom,tellsom3v@stumbleupon.com,Male,187.20.84.73
141,Pooh,Tabard,ptabard3w@cdc.gov,Female,54.193.3.112
142,Jorie,Wixey,jwixey3x@google.com.br,Female,73.79.63.63
143,Vicky,Lanfear,vlanfear3y@lycos.com,Female,118.50.149.164
144,Russ,Linsley,rlinsley3z@eventbrite.com,Male,101.147.70.254
145,Zach,Shear,zshear40@vinaora.com,Male,116.131.90.131
146,Kiersten,Dumberrill,kdumberrill41@cam.ac.uk,Female,18.94.61.251
147,Yorgos,Carlyle,ycarlyle42@xrea.com,Male,199.55.77.85
148,Yvonne,Zelake,yzelake43@zimbio.com,Female,63.205.9.114
149,Culver,Menpes,cmenpes44@hexun.com,Male,201.36.148.105
150,Sarajane,Gates,sgates45@ehow.com,Female,209.41.148.131
151,Townie,Stickel,tstickel46@nymag.com,Male,50.76.27.170
152,Kally,Trowbridge,ktrowbridge47@sohu.com,Female,51.181.210.29
153,Micaela,Brailsford,mbrailsford48@google.de,Female,231.40.46.116
154,Franklin,Challiss,fchalliss49@nyu.edu,Male,95.141.105.186
155,Analiese,Wynn,awynn4a@alibaba.com,Female,251.170.171.44
156,Angelita,McQuade,amcquade4b@hexun.com,Female,213.109.122.221
157,Donovan,Ullyatt,dullyatt4c@arstechnica.com,Male,12.195.64.179
158,Maddi,Emilien,memilien4d@eventbrite.com,Female,188.10.163.39
159,Wyndham,Redmire,wredmire4e@wisc.edu,Male,60.202.251.191
160,Keelia,Ennew,kennew4f@reverbnation.com,Female,126.118.242.42
161,Harlene,Clemencet,hclemencet4g@google.es,Female,31.83.250.11
162,Gayler,Holsall,gholsall4h@comcast.net,Bigender,28.229.11.133
163,Evvy,Piffe,epiffe4i@nytimes.com,Female,45.131.253.86
164,Janel,Frewer,jfrewer4j@japanpost.jp,Female,95.189.189.95
165,Joseito,Danson,jdanson4k@bloglines.com,Male,204.143.154.69
166,Kathi,Sedgemore,ksedgemore4l@google.de,Female,24.196.31.242
167,Isis,Kubes,ikubes4m@prweb.com,Non-binary,105.110.88.19
168,Bryon,Kelby,bkelby4n@tuttocitta.it,Male,107.28.9.3
169,Ulberto,Snaddin,usnaddin4o@google.co.uk,Bigender,205.179.32.245
170,Ikey,Tutt,itutt4p@icq.com,Genderfluid,25.209.178.201
171,Alic,Morch,amorch4q@istockphoto.com,Male,12.224.239.23
172,Othilia,Yakubov,oyakubov4r@posterous.com,Female,167.242.221.250
173,Allis,Waslin,awaslin4s@ifeng.com,Female,117.66.181.158
174,Den,Shreenan,dshreenan4t@icq.com,Male,11.225.105.46
175,Felipa,Eastbrook,feastbrook4u@mashable.com,Bigender,223.135.160.34
176,Gregorio,Torrent,gtorrent4v@ed.gov,Male,128.125.109.102
177,Christoforo,Please,cplease4w@cloudflare.com,Male,72.193.76.152
178,Ferrell,Millen,fmillen4x@reuters.com,Male,251.130.133.215
179,Elwin,Dibb,edibb4y@canalblog.com,Male,22.243.212.52
180,Alica,Thraves,athraves4z@npr.org,Female,94.78.201.5
181,Erna,Stack,estack50@nytimes.com,Female,208.107.200.136
182,Felicity,Stolte,fstolte51@paypal.com,Female,78.119.64.175
183,Burgess,Bischoff,bbischoff52@cnn.com,Male,32.95.101.136
184,Lief,Hanlon,lhanlon53@shop-pro.jp,Male,161.35.84.248
185,Daphene,Rosenstiel,drosenstiel54@unblog.fr,Female,134.62.192.49
186,Cody,Stranks,cstranks55@freewebs.com,Male,217.195.198.155
187,Earlie,Clinnick,eclinnick56@jigsy.com,Male,44.67.16.29
188,Inez,Winward,iwinward57@fema.gov,Female,150.246.175.136
189,Yvon,Griffey,ygriffey58@ask.com,Male,136.224.23.28
190,Tuesday,Le Marchand,tlemarchand59@simplemachines.org,Female,75.102.18.149
191,Padraig,Bedson,pbedson5a@sbwire.com,Male,0.70.38.131
192,Anestassia,Matcham,amatcham5b@theglobeandmail.com,Female,25.11.93.18
193,Sax,De Andisie,sdeandisie5c@wix.com,Male,45.109.131.41
194,Gradeigh,Binyon,gbinyon5d@cbslocal.com,Male,69.17.208.202
195,Cori,Lafayette,clafayette5e@irs.gov,Female,98.44.118.64
196,Xavier,Egan,xegan5f@pen.io,Male,200.60.147.85
197,Ervin,Wein,ewein5g@accuweather.com,Male,195.8.127.33
198,Edithe,Orth,eorth5h@businessweek.com,Non-binary,132.58.79.0
199,Olenolin,McAlester,omcalester5i@dyndns.org,Male,215.199.130.9
200,Carmina,Keam,ckeam5j@europa.eu,Female,238.168.50.185
201,Wernher,Frangione,wfrangione5k@dailymail.co.uk,Male,238.74.19.17
202,Ravid,Bedboro,rbedboro5l@cargocollective.com,Male,62.123.91.163
203,Rosanna,Dugget,rdugget5m@plala.or.jp,Female,64.238.149.242
204,Brennen,Lurcock,blurcock5n@adobe.com,Male,84.105.38.44
205,Arlene,Boow,aboow5o@hexun.com,Female,93.4.106.24
206,Tessy,Sillito,tsillito5p@nyu.edu,Female,75.170.27.150
207,Bran,Caukill,bcaukill5q@ox.ac.uk,Male,117.175.182.156
208,Harriette,Dodgson,hdodgson5r@cnn.com,Female,112.218.72.212
209,Max,Vane,mvane5s@census.gov,Female,72.242.9.123
210,Torin,Snelle,tsnelle5t@economist.com,Male,234.163.20.54
211,Shannah,Van der Spohr,svanderspohr5u@google.ru,Female,148.99.138.136
212,Gray,MacIlwrick,gmacilwrick5v@utexas.edu,Female,88.83.236.19
213,Ermengarde,Cristoforo,ecristoforo5w@about.com,Female,28.11.208.33
214,Nate,Bramhall,nbramhall5x@slate.com,Male,8.123.96.111
215,Jessica,Foystone,jfoystone5y@businessweek.com,Female,13.35.98.237
216,Elvira,Oswald,eoswald5z@hostgator.com,Non-binary,167.173.160.81
217,Isadora,Gouny,igouny60@miitbeian.gov.cn,Female,116.87.125.97
218,Tanner,Faveryear,tfaveryear61@google.co.uk,Male,223.108.45.140
219,Debi,Ida,dida62@mysql.com,Female,191.240.43.108
220,Iggy,Feehery,ifeehery63@weibo.com,Male,236.201.90.229
221,Andrea,Redmire,aredmire64@vimeo.com,Male,252.113.175.134
222,Lyndsey,Ingleson,lingleson65@drupal.org,Polygender,64.221.165.11
223,Hedy,Amburgy,hamburgy66@soundcloud.com,Female,77.170.17.107
224,Clemmie,Havill,chavill67@omniture.com,Female,76.223.179.147
225,Gwyneth,Oliphard,goliphard68@omniture.com,Genderfluid,233.97.111.165
226,Caralie,Leddie,cleddie69@bing.com,Female,18.110.221.47
227,Leese,Melloy,lmelloy6a@berkeley.edu,Female,146.110.90.214
228,Elwood,Gaylord,egaylord6b@wix.com,Polygender,44.53.58.16
229,Wain,Cawte,wcawte6c@spiegel.de,Male,78.120.169.148
230,Bambie,Brewers,bbrewers6d@diigo.com,Female,90.86.15.194
231,Julienne,Mackrell,jmackrell6e@cafepress.com,Female,214.243.53.117
232,Noellyn,Alenov,nalenov6f@hc360.com,Female,222.181.199.52
233,Jordon,Gammill,jgammill6g@ebay.co.uk,Male,96.19.232.61
234,Peggy,Lytton,plytton6h@slideshare.net,Polygender,135.37.244.71
235,Dominique,Orrick,dorrick6i@economist.com,Non-binary,201.179.27.196
236,Geri,Feedome,gfeedome6j@paginegialle.it,Male,7.80.153.2
237,Griffith,Djurdjevic,gdjurdjevic6k@opensource.org,Male,185.24.136.49
238,Wilfred,Steeples,wsteeples6l@irs.gov,Male,1.189.226.238
239,Nikolos,Stentiford,nstentiford6m@youku.com,Male,73.7.219.28
240,Rozele,Blackadder,rblackadder6n@senate.gov,Female,131.242.110.87
241,Charmine,Tabourier,ctabourier6o@parallels.com,Female,56.158.30.4
242,Hilly,Hincks,hhincks6p@taobao.com,Male,231.70.27.151
243,Wye,Conring,wconring6q@independent.co.uk,Male,20.215.232.181
244,Miriam,Ussher,mussher6r@twitter.com,Female,37.213.198.70
245,Gipsy,Luckey,gluckey6s@pen.io,Female,40.123.78.234
246,Niccolo,Rupert,nrupert6t@g.co,Male,235.166.18.234
247,Mayer,Arkill,markill6u@theatlantic.com,Male,143.240.172.7
248,Thaddus,Willmott,twillmott6v@about.me,Male,214.196.227.245
249,Rebeca,Jacobsson,rjacobsson6w@scribd.com,Female,98.90.102.8
250,Renate,Foxley,rfoxley6x@shinystat.com,Female,15.38.112.170
251,Noell,Diggles,ndiggles6y@sfgate.com,Genderqueer,197.91.216.134
252,Neddie,Crumb,ncrumb6z@cyberchimps.com,Male,30.110.52.122
253,Nonah,Leppingwell,nleppingwell70@army.mil,Female,16.17.237.171
254,Filmer,Portsmouth,fportsmouth71@howstuffworks.com,Genderqueer,148.82.231.29
255,Shelagh,Doveston,sdoveston72@nsw.gov.au,Female,206.79.118.174
256,Adam,Spiring,aspiring73@google.pl,Male,200.241.227.134
257,Malanie,Gawthorp,mgawthorp74@barnesandnoble.com,Female,148.237.247.172
258,Maye,Beagin,mbeagin75@sbwire.com,Female,8.231.64.154
259,Ludovika,Crowcroft,lcrowcroft76@exblog.jp,Polygender,180.0.105.95
260,Jens,Melesk,jmelesk77@mozilla.com,Male,103.38.48.112
261,Steve,Faherty,sfaherty78@biblegateway.com,Male,237.181.124.40
262,Nadean,Granham,ngranham79@usgs.gov,Female,85.198.121.144
263,Kermie,O'Deegan,kodeegan7a@youtube.com,Male,140.206.77.183
264,Alvan,Gwilliam,agwilliam7b@eepurl.com,Agender,73.72.70.83
265,Sheri,De Andisie,sdeandisie7c@imageshack.us,Female,180.62.69.21
266,Audrey,Poston,aposton7d@google.com,Female,82.78.225.23
267,Janek,Maccaddie,jmaccaddie7e@timesonline.co.uk,Male,170.17.142.172
268,Alva,Ladds,aladds7f@cbslocal.com,Male,143.53.235.216
269,Cliff,Bownd,cbownd7g@cam.ac.uk,Agender,146.27.208.61
270,Bobbie,Kerry,bkerry7h@icq.com,Male,149.182.195.158
271,Lennard,Falconar,lfalconar7i@answers.com,Male,76.67.148.141
272,Doti,Mixer,dmixer7j@ameblo.jp,Female,223.72.30.1
273,Keely,Fensome,kfensome7k@paypal.com,Female,185.73.2.41
274,Tootsie,Lernihan,tlernihan7l@businesswire.com,Female,240.197.135.0
275,Carolina,Hayward,chayward7m@paypal.com,Female,15.182.140.174
276,Herschel,Dawkins,hdawkins7n@xinhuanet.com,Male,129.27.176.205
277,Wayne,Idell,widell7o@symantec.com,Male,203.141.248.186
278,Kimbell,Joint,kjoint7p@un.org,Male,205.133.157.163
279,Hyacinthie,Keiley,hkeiley7q@google.de,Female,128.33.109.172
280,Coretta,Connors,cconnors7r@webnode.com,Female,21.62.117.144
281,Willie,Folbige,wfolbige7s@theglobeandmail.com,Female,52.102.187.252
282,Parke,Town,ptown7t@google.ca,Male,154.112.164.134
283,Dorie,Tomsu,dtomsu7u@china.com.cn,Female,32.142.216.100
284,Thebault,Gut,tgut7v@vinaora.com,Male,58.231.206.6
285,Jeremias,Caulket,jcaulket7w@tuttocitta.it,Male,40.14.9.168
286,Hamish,Tweedy,htweedy7x@dropbox.com,Male,18.174.6.247
287,Burch,Cussen,bcussen7y@ibm.com,Male,240.205.78.250
288,Gard,Oxburgh,goxburgh7z@usda.gov,Male,133.169.109.186
289,Mattheus,Cabena,mcabena80@mapquest.com,Male,90.65.112.154
290,Brenn,Rowthorne,browthorne81@uiuc.edu,Female,58.5.246.122
291,Edi,Yegorkin,eyegorkin82@wisc.edu,Female,167.177.200.123
292,Far,Presho,fpresho83@huffingtonpost.com,Male,204.159.144.4
293,Amity,Reynard,areynard84@myspace.com,Female,58.123.54.57
294,Devlin,O'Kuddyhy,dokuddyhy85@businessweek.com,Agender,28.129.75.151
295,Cindelyn,Neachell,cneachell86@yellowpages.com,Female,14.2.175.201
296,Ansel,Ros,aros87@ucsd.edu,Male,255.233.140.121
297,Aurel,Stenet,astenet88@barnesandnoble.com,Female,31.78.47.142
298,Benita,Gasson,bgasson89@histats.com,Female,143.184.122.23
299,Zolly,Harty,zharty8a@over-blog.com,Male,183.220.46.146
300,Revkah,End,rend8b@baidu.com,Female,80.204.163.245
301,Dennie,Warbey,dwarbey8c@slideshare.net,Male,135.53.75.242
302,Michel,Eamer,meamer8d@dot.gov,Male,252.113.209.0
303,Merrili,Dimitriev,mdimitriev8e@mtv.com,Female,20.114.107.107
304,Jaime,Hurworth,jhurworth8f@gov.uk,Genderfluid,77.158.182.163
305,Jeniffer,Tooher,jtooher8g@unc.edu,Genderfluid,199.102.222.243
306,Nert,Ughelli,nughelli8h@ca.gov,Female,129.95.207.253
307,Stanford,Dennerley,sdennerley8i@goo.gl,Male,252.196.25.25
308,Seamus,Durn,sdurn8j@jalbum.net,Male,6.230.212.236
309,Georges,Cosford,gcosford8k@wikipedia.org,Male,106.115.84.136
310,Vitoria,MacGown,vmacgown8l@exblog.jp,Female,234.193.59.233
311,Daisie,Keymar,dkeymar8m@pen.io,Genderfluid,146.175.200.132
312,Nani,Stickens,nstickens8n@dailymotion.com,Genderqueer,137.215.48.153
313,Orbadiah,Tesauro,otesauro8o@myspace.com,Male,158.40.133.83
314,Ludovika,Ruggen,lruggen8p@washington.edu,Female,112.63.110.131
315,Egor,Standbrook,estandbrook8q@gmpg.org,Bigender,79.218.158.53
316,Finley,Rothschild,frothschild8r@nyu.edu,Male,44.133.97.50
317,Oren,MacNeely,omacneely8s@pinterest.com,Male,147.225.38.186
318,Malvin,Jedraszczyk,mjedraszczyk8t@hatena.ne.jp,Male,230.52.233.224
319,Aguie,Keoghan,akeoghan8u@wikispaces.com,Male,215.125.11.159
320,Clayton,Montrose,cmontrose8v@netvibes.com,Male,202.239.159.228
321,Penn,Possek,ppossek8w@fema.gov,Male,181.188.131.106
322,Eleanor,Lemmer,elemmer8x@fc2.com,Female,99.107.171.79
323,Alec,Asch,aasch8y@example.com,Male,123.229.160.50
324,Catlaina,Scay,cscay8z@deliciousdays.com,Non-binary,104.180.142.61
325,Alma,Ismay,aismay90@ebay.co.uk,Female,237.222.213.131
326,Laryssa,Muckloe,lmuckloe91@goodreads.com,Female,22.135.129.230
327,Chancey,Rattray,crattray92@w3.org,Male,245.247.66.28
328,Cordie,Vanyashin,cvanyashin93@mashable.com,Male,147.101.123.116
329,Flory,Sherwyn,fsherwyn94@weebly.com,Male,148.0.135.97
330,Sigvard,Ion,sion95@eepurl.com,Agender,167.252.101.181
331,Barbi,Thowes,bthowes96@nationalgeographic.com,Bigender,223.153.177.124
332,Patrice,Pockett,ppockett97@tiny.cc,Female,51.24.144.4
333,Burg,Reimers,breimers98@theguardian.com,Male,218.109.120.89
334,Colby,Klemenz,cklemenz99@goo.ne.jp,Male,213.176.122.187
335,Mable,Bickerstasse,mbickerstasse9a@github.io,Female,82.214.137.232
336,Hilliard,Fierro,hfierro9b@businesswire.com,Male,220.198.108.88
337,Kippar,Atwel,katwel9c@ucoz.com,Male,171.183.104.225
338,Archibaldo,Edwins,aedwins9d@dell.com,Male,132.105.13.189
339,Brendis,Putley,bputley9e@hibu.com,Male,103.83.99.222
340,Aubrette,Bynold,abynold9f@ning.com,Female,176.171.148.197
341,Auria,Micheu,amicheu9g@usda.gov,Female,40.145.28.39
342,Morry,Winwood,mwinwood9h@photobucket.com,Male,34.148.127.207
343,Nerta,Clappson,nclappson9i@tiny.cc,Female,13.3.225.219
344,Maryellen,Castilla,mcastilla9j@opensource.org,Female,245.228.74.128
345,Kerwinn,Hussy,khussy9k@samsung.com,Male,53.93.3.84
346,Franzen,Binnie,fbinnie9l@amazon.de,Male,132.92.166.167
347,Benjamen,Twiggins,btwiggins9m@webeden.co.uk,Male,38.165.192.198
348,Dev,Redmire,dredmire9n@barnesandnoble.com,Male,210.71.247.92
349,Candice,Elener,celener9o@gnu.org,Female,243.228.15.88
350,Pate,Lovewell,plovewell9p@sun.com,Non-binary,37.169.33.224
351,Farrel,Dhenin,fdhenin9q@huffingtonpost.com,Male,216.222.16.85
352,Ewan,Regitz,eregitz9r@quantcast.com,Male,39.214.190.109
353,Myrta,Pinn,mpinn9s@xing.com,Female,188.33.91.186
354,Jefferey,Muffett,jmuffett9t@blinklist.com,Male,59.150.9.94
355,Marius,Felderer,mfelderer9u@yelp.com,Male,166.255.186.153
356,Agata,Farnie,afarnie9v@cbslocal.com,Female,6.56.102.104
357,Adina,Osgordby,aosgordby9w@shutterfly.com,Female,105.246.74.252
358,Burk,Heims,bheims9x@amazon.de,Male,94.214.95.181
359,Cobbie,Patching,cpatching9y@loc.gov,Male,174.174.102.44
360,Way,Maryon,wmaryon9z@tripod.com,Male,21.83.150.163
361,Lemmy,Odcroft,lodcrofta0@yellowpages.com,Genderqueer,244.194.175.111
362,Dolly,Streather,dstreathera1@washingtonpost.com,Female,37.109.1.48
363,Dahlia,Scotter,dscottera2@nifty.com,Female,211.9.2.217
364,Hedi,Linsey,hlinseya3@princeton.edu,Female,250.203.111.169
365,Adorne,Errey,aerreya4@shutterfly.com,Female,2.1.134.16
366,Skye,Iacobetto,siacobettoa5@mediafire.com,Genderfluid,239.255.88.64
367,Ally,Bartlomieczak,abartlomieczaka6@archive.org,Female,106.171.8.52
368,Gerianne,O'Donovan,godonovana7@vkontakte.ru,Female,223.137.192.95
369,Kalvin,Barlace,kbarlacea8@cbslocal.com,Male,51.161.17.44
370,Venita,Gofton,vgoftona9@tiny.cc,Female,30.103.206.11
371,Tildy,Molyneaux,tmolyneauxaa@cornell.edu,Female,176.109.101.218
372,Mira,Akaster,makasterab@ehow.com,Female,134.106.201.137
373,Franz,Cragg,fcraggac@digg.com,Male,158.56.11.253
374,Dwayne,Atwel,datwelad@google.com,Male,114.254.178.124
375,Jeno,Cranke,jcrankeae@seesaa.net,Male,143.195.193.49
376,Ogdon,Greatrakes,ogreatrakesaf@apple.com,Male,167.227.60.232
377,Earl,Ricardet,ericardetag@infoseek.co.jp,Male,251.217.217.248
378,Lethia,Allsopp,lallsoppah@themeforest.net,Female,241.81.28.45
379,Euphemia,Grinyakin,egrinyakinai@timesonline.co.uk,Female,193.199.199.215
380,Lorens,Benedick,lbenedickaj@jiathis.com,Male,233.250.42.13
381,Josefa,Kensington,jkensingtonak@disqus.com,Female,180.204.124.143
382,Saxe,Roft,sroftal@sciencedaily.com,Male,3.15.203.32
383,Vern,MacGettigen,vmacgettigenam@baidu.com,Male,159.209.5.74
384,Margarete,Vasnev,mvasnevan@flickr.com,Female,83.228.111.185
385,Silvana,MacEnelly,smacenellyao@seattletimes.com,Female,205.216.197.148
386,Saw,Cristoforo,scristoforoap@paypal.com,Male,46.131.244.56
387,Wood,Lockery,wlockeryaq@homestead.com,Genderqueer,54.196.231.145
388,Byrle,Petrasek,bpetrasekar@example.com,Male,132.72.95.10
389,Xever,Botfield,xbotfieldas@wix.com,Male,83.141.106.78
390,Scott,Skipworth,sskipworthat@ebay.co.uk,Male,15.77.47.179
391,Agnola,Gwillym,agwillymau@free.fr,Female,221.127.196.248
392,Georgette,Mogra,gmograav@xing.com,Female,164.144.233.216
393,Tansy,McElane,tmcelaneaw@joomla.org,Female,227.170.188.201
394,Ashlan,Dislee,adisleeax@yahoo.co.jp,Female,139.80.178.70
395,Nicholle,Cottier,ncottieray@spiegel.de,Female,222.135.158.140
396,Gene,Suddell,gsuddellaz@ovh.net,Female,248.138.105.247
397,Natassia,Macquire,nmacquireb0@t.co,Female,167.252.136.177
398,Ximenes,Graith,xgraithb1@noaa.gov,Male,131.251.124.91
399,Fredrick,Stevenson,fstevensonb2@zdnet.com,Male,51.20.60.182
400,Baillie,Keep,bkeepb3@w3.org,Male,133.205.144.225
401,Filbert,Barson,fbarsonb4@zimbio.com,Male,248.22.216.170
402,Blane,Losbie,blosbieb5@state.gov,Male,122.220.149.182
403,Lauren,Brunsden,lbrunsdenb6@noaa.gov,Genderqueer,21.37.73.243
404,Sib,Fellnee,sfellneeb7@marketwatch.com,Female,93.144.47.176
405,Major,Bonham,mbonhamb8@list-manage.com,Male,100.74.80.173
406,Tonnie,Hayesman,thayesmanb9@webs.com,Male,218.196.254.35
407,Ari,Perryn,aperrynba@go.com,Male,79.201.8.193
408,Jacintha,Campkin,jcampkinbb@dagondesign.com,Female,74.185.136.128
409,Rudyard,Isles,rislesbc@usa.gov,Male,45.126.13.105
410,Rikki,Geistmann,rgeistmannbd@jugem.jp,Female,97.160.160.96
411,Lorain,MacCumiskey,lmaccumiskeybe@imageshack.us,Female,15.145.166.177
412,Ceil,Ferrers,cferrersbf@yellowbook.com,Agender,176.223.9.89
413,Victor,Redington,vredingtonbg@google.ca,Male,140.75.160.145
414,Avery,Piser,apiserbh@posterous.com,Male,157.239.186.120
415,Carmina,Pomfrey,cpomfreybi@slideshare.net,Female,50.64.80.9
416,Walsh,Walthew,wwalthewbj@godaddy.com,Male,180.106.25.186
417,Almire,Gunton,aguntonbk@squidoo.com,Female,174.215.52.148
418,Micky,Poker,mpokerbl@amazon.com,Female,67.242.238.125
419,Hewett,Idel,hidelbm@360.cn,Male,7.204.169.103
420,Keefer,Saller,ksallerbn@kickstarter.com,Male,61.249.105.244
421,Mariska,Collett,mcollettbo@npr.org,Female,210.97.102.150
422,Martita,Jansky,mjanskybp@boston.com,Female,54.248.228.71
423,Gardner,Laurance,glaurancebq@mozilla.org,Male,26.107.152.131
424,Florentia,Seefeldt,fseefeldtbr@com.com,Female,75.235.47.160
425,Shel,Worthy,sworthybs@soundcloud.com,Female,31.173.176.191
426,Elonore,Maltster,emaltsterbt@zimbio.com,Female,243.170.110.22
427,Harry,Rowntree,hrowntreebu@clickbank.net,Male,60.5.162.79
428,Kaleb,Pray,kpraybv@shareasale.com,Male,70.153.99.247
429,Dew,Renfield,drenfieldbw@yale.edu,Male,12.7.113.22
430,Kipper,Casa,kcasabx@myspace.com,Male,41.29.198.5
431,Gwendolen,Barhims,gbarhimsby@salon.com,Female,26.69.240.43
432,Spence,Weine,sweinebz@wikispaces.com,Male,193.106.221.28
433,Raychel,McOrkil,rmcorkilc0@hexun.com,Female,4.246.160.192
434,Casi,Cranney,ccranneyc1@ihg.com,Female,53.75.136.172
435,Isabel,Tivenan,itivenanc2@yandex.ru,Female,222.212.71.22
436,Ingrim,Tarn,itarnc3@jigsy.com,Male,48.106.209.171
437,Laverne,Fearnall,lfearnallc4@prnewswire.com,Female,127.27.104.244
438,Cora,Creevy,ccreevyc5@skyrock.com,Female,76.116.66.139
439,Chelsy,Wyld,cwyldc6@eepurl.com,Female,166.118.245.141
440,Benjy,Kobieriecki,bkobierieckic7@walmart.com,Male,244.109.40.46
441,Hendrika,Hubbold,hhubboldc8@smugmug.com,Female,123.144.120.106
442,Trudi,Salkeld,tsalkeldc9@over-blog.com,Female,155.77.29.236
443,Bess,Coen,bcoenca@narod.ru,Female,220.22.228.176
444,Torr,Cucuzza,tcucuzzacb@ow.ly,Male,85.140.167.22
445,Sari,Schukert,sschukertcc@noaa.gov,Female,148.121.202.232
446,Abigale,Mateiko,amateikocd@furl.net,Female,90.69.46.207
447,Carmencita,Farrens,cfarrensce@spiegel.de,Genderfluid,168.86.71.172
448,Ned,Freckelton,nfreckeltoncf@t.co,Male,65.255.215.76
449,Madelle,Davydzenko,mdavydzenkocg@va.gov,Agender,221.123.21.52
450,Daren,Wiffler,dwifflerch@wikipedia.org,Male,190.86.105.179
451,Neysa,Davidovici,ndavidovicici@tripadvisor.com,Female,103.200.150.225
452,Donalt,Silber,dsilbercj@dagondesign.com,Male,31.214.112.189
453,Mendie,Welbelove,mwelbeloveck@1688.com,Male,196.242.208.242
454,Catherine,Flieger,cfliegercl@youtube.com,Female,206.83.213.41
455,Nealson,Mibourne,nmibournecm@altervista.org,Agender,146.195.41.97
456,Lenka,Leathe,lleathecn@purevolume.com,Female,210.0.141.191
457,Melly,Awty,mawtyco@nasa.gov,Female,86.52.25.24
458,Hansiain,Shard,hshardcp@earthlink.net,Male,5.42.218.12
459,Raul,Scamerden,rscamerdencq@hao123.com,Male,116.19.135.48
460,Hermione,Antowski,hantowskicr@ebay.com,Female,93.22.44.132
461,Luciana,Vashchenko,lvashchenkocs@unicef.org,Female,155.126.247.230
462,Sigismond,Forbear,sforbearct@chronoengine.com,Male,78.222.113.208
463,Kahaleel,Sopper,ksoppercu@salon.com,Male,110.248.136.254
464,Maybelle,Dracksford,mdracksfordcv@uol.com.br,Female,177.124.97.71
465,Jaine,Wyard,jwyardcw@tripod.com,Female,233.38.228.35
466,Phillip,Wozencraft,pwozencraftcx@vinaora.com,Male,229.104.161.122
467,Renaud,Brockelsby,rbrockelsbycy@addtoany.com,Male,79.191.104.5
468,Guillemette,Bittleson,gbittlesoncz@cpanel.net,Female,172.45.196.119
469,Odell,Eamer,oeamerd0@howstuffworks.com,Male,25.27.156.18
470,Ailbert,Altamirano,aaltamiranod1@goo.ne.jp,Male,139.62.93.247
471,Kimberli,Senechault,ksenechaultd2@bloomberg.com,Female,254.182.23.51
472,Marrissa,Gerbel,mgerbeld3@123-reg.co.uk,Female,100.108.4.156
473,Gannon,Scanterbury,gscanterburyd4@addtoany.com,Male,214.64.57.246
474,Gates,Benedict,gbenedictd5@state.gov,Female,120.131.176.196
475,Gabriela,Petris,gpetrisd6@geocities.jp,Female,255.85.21.210
476,Vivianna,Conningham,vconninghamd7@comcast.net,Female,245.250.89.55
477,Nikki,Storres,nstorresd8@stumbleupon.com,Male,230.182.61.157
478,Tommie,Heball,theballd9@imageshack.us,Female,4.224.120.49
479,Nick,Corhard,ncorhardda@aboutads.info,Male,33.136.121.160
480,Fletch,Monks,fmonksdb@drupal.org,Male,231.209.86.10
481,Joelly,Sesser,jsesserdc@phpbb.com,Female,106.245.1.69
482,Rochester,Skirven,rskirvendd@odnoklassniki.ru,Male,25.232.233.156
483,Gay,Ricart,gricartde@comsenz.com,Male,164.60.244.185
484,Albertine,Ronci,aroncidf@marketwatch.com,Female,214.190.3.240
485,Ulla,Heersema,uheersemadg@blog.com,Female,228.17.219.180
486,Van,Coan,vcoandh@si.edu,Male,171.128.187.125
487,Pryce,Bidewell,pbidewelldi@phoca.cz,Male,81.41.73.36
488,Annis,Mation,amationdj@uol.com.br,Female,239.175.40.161
489,Leigha,Avann,lavanndk@google.com.br,Genderqueer,192.126.15.30
490,Hodge,Shovlar,hshovlardl@admin.ch,Male,115.52.186.121
491,Natassia,Kerford,nkerforddm@who.int,Female,138.239.47.94
492,Nita,Lenthall,nlenthalldn@ifeng.com,Female,3.147.106.225
493,Tiebold,Lovat,tlovatdo@wired.com,Male,115.211.104.38
494,Fidole,Rennebeck,frennebeckdp@amazonaws.com,Male,26.115.16.88
495,Ephrem,Dudbridge,edudbridgedq@free.fr,Male,94.215.148.5
496,Codie,Wiggington,cwiggingtondr@xinhuanet.com,Male,35.31.242.8
497,Kelsey,Hands,khandsds@accuweather.com,Male,63.121.46.153
498,Mano,Mallya,mmallyadt@mysql.com,Male,186.41.197.159
499,Pennie,Shewan,pshewandu@mac.com,Male,186.216.75.10
500,Russ,Dzeniskevich,rdzeniskevichdv@hao123.com,Male,185.157.34.207